{"cameraMode":{"drawMode":0,"name":"Shaded","section":"Shading Mode"},"sceneLighting":true,"audioPlay":false,"sceneViewState":{"m_AlwaysRefresh":false,"showFog":true,"showSkybox":true,"showFlares":true,"showImageEffects":true,"showParticleSystems":true,"showVisualEffectGraphs":true,"m_FxEnabled":true},"in2DMode":false,"pivot":{"x":27.248586654663087,"y":-3.032618522644043,"z":30.136667251586915},"rotation":{"x":0.2600293457508087,"y":-0.13703615963459016,"z":0.03731434419751167,"w":0.9550990462303162},"size":17.68474006652832,"orthographic":false}