{"cameraMode":{"drawMode":0,"name":"Shaded","section":"Shading Mode"},"sceneLighting":true,"audioPlay":false,"sceneViewState":{"m_AlwaysRefresh":false,"showFog":true,"showSkybox":true,"showFlares":true,"showImageEffects":true,"showParticleSystems":true,"showVisualEffectGraphs":true,"m_FxEnabled":true},"in2DMode":false,"pivot":{"x":423.67059326171877,"y":329.89886474609377,"z":-74.34698486328125},"rotation":{"x":0.2714124321937561,"y":-0.011746563017368317,"z":0.002352400915697217,"w":0.9626457691192627},"size":258.35772705078127,"orthographic":false}